CondoName,SalePrice,RentPrice,RoomArea,UnitNbr,FloorNbr,nbrBed,nbrBath,nbrPark,nbrAirCon,Latitude,Longitude
,6237000,30000,63,,0,1,,0,,13.776533,100.541974
เดอะ ไลน์ จตุจักร-หมอชิต,13550000,40000,61,,,2,2,,,13.806,100.557
เดอะรีเซิร์ฟ เกษมสันต์ 3,7690000,,39,,,1,1,,,13.74907,100.52736
,5903533,25000,34,,,1,1,,,13.72519,100.5745
ดิ แอดเดรส สุขุมวิท 42,4887000,25000,45,,0,1,,0,,13.717128,100.585231
,5342670,,77,,0,2,,0,,13.756331,100.501765
,7533000,,52,,6,1,,1,,13.746676,100.529137
,2400000,,31,,6,1,,0,,13.70669,100.600406
,3400000,,42,,0,1,,0,,13.736591,100.641673
ไอดีโอ โมบิ จรัญ-อินเตอร์เชนจ์,5020000,,33,,,,,,,13.76227,100.47196
,88000000,200000,192,,33,3,,3,,13.723829,100.52783
แอสปาย รัชดา–วงศ์สว่าง,2239657,,26,,,1,1,,,13.83074,100.52531
,1990000,10000,30,,,,1,,,,
,15000000,78000,250,,14,4,,4,,13.719958,100.589374
185 ราชดำริ,60000000,,154,,,,2,,,13.7355,100.539
,5055000,,42,,0,1,,0,,13.706876,100.634165
วิสซ์ดอม สเตชั่น รัชดา-ท่าพระ,3834459,,32,,,1,1,,,13.7137,100.478395
เลอ ลัก คอนโดมิเนียม,6375200,30000,52,,0,1,,0,,13.714803,100.593277
,6477000,,40,,,1,1,,,13.755019,100.561977
แอชตัน อโศก,9200000,,36,,,1,1,,,13.73701,100.56039
เดอะ ไลน์ จตุจักร-หมอชิต,10230000,,58,,,2,2,,,13.8062,100.5562
โนเบิล โซโล,7300000,35000,61,,0,1,,1,,13.740159,100.585009
เดอะ เบส สุขุมวิท 77,6350000,,57,,,2,2,,,13.7108,100.602
,3850000,15000,27,,,1,1,,,13.7466,100.606
,4300000,,37,,8,2,,0,,13.661473,100.605851
โนเบิล เพลินจิต,10700000,,45,,1,1,,1,,13.743535,100.548669
ลาวีค สุขุมวิท 57,11160000,,42,,,,,,,13.724442,100.580397
,2254588,,25,,,,1,,,13.71343,100.46398
แอสปาย สาทร-ท่าพระ,3291798,,31,,,1,1,,,13.71501,100.47866
,7540000,,45,,0,2,,0,,13.704186,100.60185
,14210000,55000,145,,0,2,,0,,13.747949,100.55787
,4606000,,32,,,1,1,,,13.755019,100.561977
เดอะ ไลน์ จตุจักร-หมอชิต,4650000,,27,,,1,1,,,13.8062,100.5562
,6500000,29900,35,,22,1,,1,,13.740389,100.557474
เซอร์เคิล คอนโดมิเนียม,5000000,23000,47,,0,1,,1,,13.749775,100.55577
,16600000,,72,,,2,2,,,13.7197,100.522
,9910000,,47,,,1,1,,,13.7432,100.562
ทรูทองหล่อ,3600000,,36,,,1,1,,,13.7442,100.585
,2175000,,31,,18,1,,0,,13.817953,100.535227
,5883400,,26,,0,1,,0,,13.725505,100.565748
วิสซ์ดอม อเวนิว รัชดา-ลาดพร้าว,5640000,,35,,,1,1,,,13.805203,100.574228
,8800000,,76,,,2,2,,,,
ดิ เอส อโศก,10340000,,48,,,1,1,,,13.74317,100.56173
,2340000,,26,,,1,1,,,13.79398,100.65216
,7500000,,55,,0,1,,0,,13.721926,100.584844
,7470000,,35,,,1,1,,,13.731223,100.585851
,5290000,,28,,,,1,,,13.747864,100.548372
,19880000,,81,,,2,2,,,13.724255,100.578546
แอสปาย สุขุมวิท 48,4150000,,39,,,1,1,,,13.7113,100.594
,5700000,,48,,,2,1,,,13.714043,100.59464
,1790000,,66,,0,2,,0,,13.80689,100.513929
,15120000,,74,,,1,1,,,13.723885,100.566536
,6500000,,44,,0,1,,1,,13.706586,100.601135
,7900000,,39,,0,11,,1,,13.742934,100.56199
แอชตัน จุฬา-สีลม,7843961,,35,,,1,,,,13.7311,100.53101
,2590000,,35,,12,1,,0,,13.825039,100.537671
,6200000,,51,,,1,1,,,13.725786,100.526798
,12500000,,80,,,2,2,,,,
,5871000,,36,,0,1,,0,,13.737175,100.583555
,8050000,,36,,,1,1,,,13.7524,100.534
,3010000,,23,,,1,1,,,,
,9960000,55000,120,,0,2,,0,,13.729688,100.572655
,31000000,,193,,0,3,,0,,13.729356,100.562093
โนเบิล รีโว สีลม,10038477,,69,,,2,2,,,13.71951,100.51949
ฟูลเลอตัน สุขุมวิท,46900000,95000,153,,0,3,,1,,13.721778,100.582453
,4111500,17000,32,,,1,1,,,13.7304,100.588
,4100000,14000,45,,22,2,,1,,13.713489,100.464701
มายคอนโด สุขุมวิท 81,2990000,15000,34,,,1,1,,,13.7063,100.606
,16000000,,202,,22,3,,0,,13.730266,100.579308
เดอะ ริเวอร์,74100000,,331,,0,4,,1,,13.721206,100.509593
เทลลา ทองหล่อ,61145280,,189,,0,2,,0,,13.733317,100.582046
,23000000,85000,112,,31,2,,1,,13.740214,100.566136
ริทึ่ม อโศก 2,4432414,,28,,,1,1,,,13.75427,100.56447
,23000000,,146,,0,3,,0,,13.729356,100.562093
,60000000,,250,,0,4,,0,,13.739782,100.566072
อีส พระราม 2,3110000,,44,,,2,1,,,13.66938,100.43617
,6410000,,35,,,1,1,,,13.747864,100.548372
,13990000,,108,,0,2,,0,,13.719527,100.531072
,10900000,,68,,,2,2,,,,
,8300000,,60,,1,1,,1,,13.737053,100.556821
,43680000,95000,156,,,3,3,,,13.7217,100.582
ไลฟ์ อโศก,4151313,,29,,,1,1,,,13.75064,100.56436
เดอะ ซี๊ด มิงเกิ้ล,8200000,,71,,0,2,,1,,13.719949,100.539419
,5800000,,44,,0,1,,0,,13.704186,100.60185
,4000000,18000,50,,,1,1,,,,
,30000000,,151,,,3,3,,,13.725069,100.564216
เอช สุขุมวิท 43,12600000,,59,,0,2,,0,,13.732527,100.573972
,5470400,,35,,26,1,,0,,13.756331,100.501765
คลาส หลังสวน,10421206,,45,,,1,1,,,13.74196,100.54431
ไลฟ์ อโศก,5470131,,35,,,1,1,,,13.75064,100.56436
โนเบิล รีโว สีลม,5440000,,34,,,1,1,,,13.71951,100.51949
,20000000,,141,,,3,3,,,13.737368,100.583889
เดอะ เนสท์ เพลินจิต,6500000,,44,,0,1,,1,,13.746232,100.54953
,4570000,,33,,,1,1,,,13.7147,100.605
,18200000,65000,,,17,2,,1,,13.734394,100.577751
ริทึ่ม อโศก 2,6000000,,30,,0,1,,1,,13.754237,100.565078
,2390000,,23,,7,1,,,,13.786704,100.572426
,5700000,,58,,,2,1,,,,
ควอทโทร บาย แสนสิริ,22500000,70000,90,,,2,2,,,13.7275,100.582
ริทึ่ม รัชดา,5850000,,46,,0,1,,0,,13.77911,100.574355
,4850000,17000,28,,25,1,,1,,13.755831,100.566364
ไลฟ์ อโศก,4810000,,29,,,1,1,,,13.750507,100.563889
,4070000,,28,,,,,,,13.817434,100.562714
,12012000,35000,84,,0,2,,0,,13.751037,100.532598
,6341223,,35,,,1,1,,,13.747797,100.548437
,5950000,,47,,0,1,,0,,13.743808,100.55595
,14240000,,142,,,,,,,,
,37400000,90000,220,,0,3,,0,,13.745614,100.545771
,32000000,,324,,,3,4,,,13.737124,100.584335
,49900000,,,,,9,,,,,
เอ็ม จตุจักร,5057291,,32,,,1,1,,,13.79722,100.55169
เอ็ม ทองหล่อ 10,5570000,,30,,,,,,,13.73093,100.58638
ศาลาแดง วัน,18700000,,56,,,1,1,,,13.7267,100.541
วาลเด้น อโศก,7782476,,38,,,1,1,,,,
,6517000,27000,49,,0,1,,0,,13.739273,100.55039
,4500000,,32,,,1,1,,,,
เอดจ์ สุขุมวิท 23,6820000,,33,,,1,1,,,13.73963,100.56309
เดอะ ซี้ด มูซี่,4680000,,32,,,1,1,,,13.72525,100.57096
,5250000,,36,,0,2,,0,,13.735297,100.564495
,480000,,26,,3,1,,0,,13.336636,100.93124
,8700000,,90,,25,2,,1,,13.720937,100.528657
แอสปาย สาทร-ท่าพระ,3359042,,30,,,1,1,,,13.71501,100.47866
ไลฟ์ อโศก-พระราม 9 ,4630000,,40,,,1,1,,,13.755352,100.564598
เดอะ เลคส์ คอนโดมิเนียม,42000000,,210,,,3,3,,,13.733556,100.560517
,15550000,,84,,0,2,,0,,13.727273,100.526676
,6580000,,32,,,1,1,,,13.72552,100.56563
ดิ เอส อโศก,19900000,,85,,,2,2,,,13.7432,100.562
แดน ลิฟวิ่ง สาทร-เจริญราษฎร์,3607190,,45,,,1,1,,,13.70054,100.5159
,6900000,,53,,8,1,,0,,13.731037,100.582645
เดอะ เทรนดี้ คอนโดมิเนียม,4700000,,35,,0,1,,1,,13.741124,100.557866
แมกโนเลียส์ ราชดำริ บูเลอวาร์ด,18600000,,84,,,2,2,,,13.738121,100.53699
,4800000,23000,40,,0,1,,0,,13.730651,100.587341
,5810000,,35,,,,,,,13.817434,100.562714
,10155860,,43,,0,1,,0,,13.730869,100.579384
,4555000,,28,,,1,1,,,13.7558,100.564
ริทึ่ม สาทร,10526520,,55,,,1,1,,,13.71677,100.51648
,13420000,70000,88,,0,2,,0,,13.725176,100.563992
,10254366,45000,65,,,2,1,,,13.70665,100.6
คอนโดเลต พิกเซล สาทร,3906750,,28,,,,1,,,13.71812,100.54928
,,,48,,,1,1,,,13.723244,100.566816
,5108896,,34,,,1,1,,,,
,9170000,,33,,,1,1,,,13.7197,100.522
,3996000,,33,,0,1,,0,,13.693333,100.5025
,10500000,45000,46,,12,1,,1,,13.725334,100.576415
,13031277,50000,55,,,2,2,,,13.72552,100.56563
โนเบิล รีวอลฟ์ รัชดา 2,4200000,,25,,,1,1,,,13.7639,100.569
,9500000,,96,,,2,2,,,13.746904,100.556472
,3500000,,37,,,,1,,,,
ไลฟ์ อโศก,4450000,,29,,,1,1,,,13.750507,100.563889
,4600000,,35,,0,1,,0,,13.72027,100.552844
ไลฟ์ อโศก,3530000,,24,,,,1,,,13.75064,100.56436
เอ็ม ลาดพร้าว ,17700000,,95,,0,3,,0,,13.816038,100.562141
,2992000,18000,34,,0,1,,0,,13.699869,100.603618
,11000000,,51,,22,1,,1,,13.722707,100.580362
ไลฟ์ อโศก,4520000,,29,,,1,1,,,13.750507,100.563889
,12000000,,113,,,2,2,,,13.735336,100.57352
,13500000,,75,,,2,2,,,13.721926,100.584844
,16500000,,58,,,1,1,,1,,
เดอะ ไลน์ ราชเทวี,8900000,,34,,,1,1,,,13.7524,100.534
แอสปาย สุขุมวิท 48,3686000,25000,38,,0,1,,0,,13.711258,100.593974
ริทึ่ม สุขุมวิท,7153742,,45,,,1,1,,,13.70665,100.6
เอ็ม จตุจักร,5310000,,32,,,1,1,,,13.79722,100.55169
,29290000,,79,,,2,2,,,13.746747,100.544107
,13300000,50000,68,,,2,2,,,13.7141,100.602
แอสปาย สาทร-ท่าพระ,2772427,,27,,,1,1,,,13.71501,100.47866
,3990000,,26,,,1,1,,,13.8177,100.563
วิสซ์ดอม คอนเนค สุขุมวิท,4240000,,29,,,,,,,13.6858,100.61106
,6208000,32000,64,,0,2,,0,,13.751347,100.528666
แอสปาย สาทร-ท่าพระ,2928048,,31,,,1,1,,,13.71501,100.47866
แอชตัน อโศก,8057400,,32,,,1,1,,,13.73701,100.56039
,7310000,,52,,0,1,,0,,13.745367,100.522423
แอสปาย สาทร-ท่าพระ,3231464,,31,,,1,1,,,13.71501,100.47866
,3740000,,25,,,1,1,,,13.755019,100.561977
เดอะ ไลน์ จตุจักร-หมอชิต,13900000,,61,,,2,2,,,13.806,100.557
,650000,,38,,2,1,,0,,13.689893,100.641567
,25000,6100000,,,36,1,,1,,13.696289,100.54466
เดอะ รูม สุขุมวิท 69 ,6100000,,35,,0,1,,1,,13.714251,100.592707
,21300000,,69,,0,2,,0,,13.73329,100.572901
,9500000,40000,96,,0,2,,0,,13.747949,100.55787
ไอดีโอ โมบิ สุขุมวิท อีสท์เกต,3096300,,22,,,,1,,,13.66557,100.60411
,88000000,,380,,2,3,,0,,13.731903,100.570795
,6408000,,31,,,1,1,,,13.7311,100.531
โนเบิล เพลินจิต,13900000,,61,,1,1,,1,,13.743535,100.548669
,3300000,,35,,28,1,,0,,13.774667,100.573963
,20000,,40,,,1,1,,,13.712735,100.593997
ฮาสุ เฮาส์,10000000,,65,,0,2,,0,,13.713856,100.599985
,6845000,34000,37,,0,1,,0,,13.721175,100.579126
,1950000,,55,,7,1,,1,,13.82601,100.559126
เดอะ ดิโพลแมท 39,59630000,,155,,,,3,,,13.7308,100.571
,13800000,60000,59,,,1,1,,,13.7323,100.571
,7200000,,85,,21,1,,1,,13.739469,100.543488
,2250000,,23,,8,,,0,,13.744885,100.603609
เอดจ์ สุขุมวิท 23,7200000,27000,33,,0,1,,1,,13.735972,100.562588
เดอะ ไลน์ อโศก-รัชดา,6065000,,36,,,1,1,,,13.7558,100.564
โนเบิล รีมิกซ์,8360000,,42,,,,1,,,13.72493,100.5772
,3890000,,29,,,1,1,,,13.8177,100.563
,21000000,,,,0,3,,0,,13.738153,100.572317
ซีล บาย แสนสิริ,3950000,,30,,,1,1,,,13.7304,100.588
ไอดีโอ สุขุมวิท 93,3580000,,27,,,,1,,,13.6987,100.605
,9800000,,45,,,1,1,,,13.718327,100.58736
,9115500,50000,,,0,,,0,,13.730581,100.576887
บลอคส์ 77,6500000,30000,61,,7,2,,1,,13.71036,100.601915
,5200000,,28,,0,1,,0,,13.725516,100.566202
เดอะ ซี๊ด มิงเกิ้ล,7844000,38000,74,,0,2,,0,,13.719949,100.539419
คีนน์ บาย แสนสิริ,20000000,,82,,0,2,,0,,13.724821,100.577001
,5544116,,55,,,1,2,,,,
ริทึ่ม พหล-อารีย์,9331860,,66,,,2,2,,,13.7889,100.54527
ไฟคัส เลน,32000000,,227,,0,4,,2,,13.713912,100.58924
โนเบิล รีโคล สุขุมวิท 19,7534331,,34,,,1,1,,,13.74207,100.56006
วีธารา สุขุมวิท 36,7010000,,51,,,2,2,,,,
,7800000,,46,,2,1,,0,,13.724236,100.567168
ไดมอนด์ สุขุมวิท,6360000,28000,60,,0,2,,0,,13.708547,100.599381
,3400000,15000,32,,,1,1,,,13.7104,100.602
ริทึ่ม พหล-อารีย์,4510000,,35,,,1,1,,,13.7884,100.548
,9270000,,54,,,2,1,,,13.723993,100.530386
อัลติจูด สามย่าน-สีลม,6090000,,33,,,1,1,,,13.73188,100.52606
แอสปาย พระราม 4,2725546,,29,,,1,1,,,13.71219,100.58449
แอสปาย รัชดา–วงศ์สว่าง,2495979,,26,,,1,1,,,13.83074,100.52531
,18880000,75000,160,,0,3,,0,,13.729821,100.565017
,6250000,17000,35,,,1,1,,,13.7214,100.497
,5750500,33000,53,,0,1,,0,,13.730581,100.576887
,4830000,,30,,,1,1,,,13.7914,100.549
แอชตัน อโศก,7700000,,31,,,1,1,,,13.7391,100.561
ไบร์ท สุขุมวิท 24,36000000,,180,,0,3,,0,,13.723664,100.566587
,4900000,,,,0,6,,0,,13.694427,100.342309
,8600000,,91,,0,2,,0,,13.806962,100.559643
,1550000,,23,,2,1,,0,,13.716368,100.653858
,5100000,22000,55,,,2,1,,,,
,24205000,,86,,,2,2,,1,,
,8020000,,,,0,2,,0,,13.734492,100.585849
,13000000,,162,,,3,3,,,,
,25000000,,146,,,3,3,,,13.729309,100.562453
,33990000,,116,,,3,3,,,13.727566,100.581701
,4290000,,49,,0,2,,0,,13.740656,100.600096
เอดจ์ สุขุมวิท 23,7800000,,34,,0,1,,1,,13.735972,100.562588
,220000000,,500,,0,,,0,,13.741816,100.585417
,8000000,40000,47,,13,1,,1,,13.723319,100.566608
แอชตัน จุฬา-สีลม,7349054,,35,,,1,1,,,13.7311,100.53101
,8960000,45000,70,,0,2,,0,,13.729573,100.572038
เดอะ รูม สุขุมวิท 69 ,6240000,,34,,,1,1,,,13.71444,100.59283
,8000000,35000,36,,0,1,,0,,13.724821,100.577001
,3400000,,29,,0,1,,1,,13.720234,100.502007
,6500000,,75,,,2,2,,,,
ลุมพินี วิลล์ พัฒนาการ-เพชรบุรีตัดใหม่,1690000,,26,,,1,1,1,1,13.73569,100.61717
แอชตัน สีลม,14700000,,49,,,1,1,,,13.7261,100.527
มาร์ค สุขุมวิท,42880000,,132,,,2,2,,,13.7299,100.57089
แอสปาย สาทร-ท่าพระ,3280035,,31,,,1,1,,,13.71501,100.47866
เดอะ ไลท์เฮ้าส์ สาทร-เจริญนคร,7484684,35000,68,,,2,2,,,13.72228,100.50848
เดอะ พาร์คแลนด์ ตากสิน-ท่าพระ,4990000,,62,,18,2,,1,,13.716247,100.481726
ริทึ่ม สุขุมวิท 36 – 38,6478570,,33,,,1,1,,,13.72161,100.57689
ดิ แอดเดรส อโศก,7611488,28000,45,,,1,1,,,13.74951,100.56198
ควอด สีลม,17500000,,90,,0,2,,0,,13.723993,100.530386
,6800000,,35,,,1,1,,,13.747797,100.548437
,3680000,,30,,,1,1,,,13.740174,100.589806
,3550000,,35,,10,1,,0,,13.755257,100.575079
,7650000,,56,,,1,1,,,13.722622,100.522819
ศุภาลัย ริเวอร์ เพลส,6900000,,80,,0,2,,1,,13.710404,100.503107
ศุภาลัย เวอเรนด้า พระราม 9,2654562,,38,,,1,1,,,,
,12260000,,54,,,1,1,,,13.72271,100.58278
,3600000,,40,,11,1,,1,,13.740252,100.589806
,7090000,30000,46,,,1,1,,,13.7141,100.602
,7000000,,138,,,2,2,,,13.740614,100.570979
,14203903,60000,120,,,3,2,,,13.73467,100.58483
,2740150,,55,,,2,2,,,13.73647,100.74544
เดอะ ซิกเนเจอร์ บาย เออร์บาโน่,8034000,,49,,18,2,,1,,13.793665,100.54093
ชาโตว์ อินทาวน์ เมเจอร์ รัชโยธิน 2,3120000,,29,,,1,1,,,13.83471,100.57935
,6527000,,29,,,1,1,,,13.7255,100.566
,7700000,,45,,,1,,,,13.723543,100.586036
ซีล บาย แสนสิริ,6650000,28000,48,,,1,1,,,13.7304,100.588
ไดมอนด์ สุขุมวิท,3500000,,34,,,1,1,,1,,
ไอดีโอ คิว ราชเทวี,7650000,,34,,0,1,,0,,13.75286,100.534496
แอชตัน อโศก,9650000,,35,,,1,1,,,13.7391,100.561
ทรูทองหล่อ,7630000,,66,,,2,2,,1,,
,3100000,,31,,23,1,,0,,13.753203,100.576289
,17200000,,51,,0,1,,0,,13.731946,100.570703
เลอ ลัก คอนโดมิเนียม,6375200,30000,52,,0,1,,0,,13.714803,100.593277
เดอะ ไลน์ จตุจักร-หมอชิต,5170000,,26,,,1,1,,,13.8062,100.5562
เมโทร สกาย บางซื่อ - ประชาชื่น,3380000,,36,,,1,1,,,13.82236,100.53697
,35950000,,161,,0,3,,2,,13.723319,100.566608
ดิ แอดเดรส อโศก,11100000,55000,75,,0,2,,0,,13.749554,100.561961
,10323000,45000,90,,0,2,,0,,13.715964,100.585405
,9218292,,33,,,1,1,,,13.8062,100.5562
,6000000,,41,,0,1,,0,,13.735564,100.58139
เดอะ แคปปิตอล ราชปรารภ-วิภา,5530000,25000,41,,,1,1,,,13.76378,100.54593
เดอะ ริเวอร์,25000000,,131,,0,2,,1,,13.721206,100.509593
,13690000,,81,,0,2,,1,,13.681212,100.609941
เดอะ ดิโพลแมท สาทร,17900000,,66,,,2,2,,,13.7198,100.522
,17834000,78000,74,,0,2,,0,,13.729946,100.581651
เดอะ ดิโพลแมท สาทร,12900000,,52,,0,1,,0,,13.719645,100.520793
,16600000,,76,,0,2,,2,,13.724521,100.584933
,17600000,,342,,,4,4,,,13.72655,100.508356
เดอะ ไลน์ จตุจักร-หมอชิต,6200000,,34,,,1,1,,,13.8062,100.5562
เดอะ ไลน์ ราชเทวี,15340000,,60,,,,,,,13.8062,100.5562
,22000000,,250,,,3,3,,1,,
เดอะ ซี้ด มูซี่,8060000,44000,65,,0,2,,0,,13.72569,100.569984
ดิ แอดเดรส สุขุมวิท 42,5389000,,45,,,1,1,,,13.71968,100.58954
,3640000,,28,,,,1,,,13.755352,100.564598
,11000000,,80,,0,2,,0,,13.739322,100.567576
,8000000,,57,,,1,,0,,13.725176,100.563992
วินด์ สุขุมวิท 23,6800000,,51,,0,1,,0,,13.739699,100.564435
ไลฟ์ อโศก,4290000,,29,,,1,1,,,13.750507,100.563889
,5490000,,54,,,2,2,,,13.711182,100.593964
เดอะ ไลน์ พหลโยธิน-ประดิพัทธ์,4250000,,26,,,1,1,,,13.7906,100.546
อกัสตัน สุขุมวิท 22,8250000,30000,58,,,1,1,,,13.7251,100.564
โนเบิล เพลินจิต,27500000,,82,,,2,2,,,13.743491,100.548409
,10175200,40000,56,,0,1,,0,,13.722657,100.525396
โนเบิล ไลท์,4820000,17500,35,,,1,1,,,13.7787,100.543
แอชตัน อโศก,8840169,,34,,,1,1,,,13.7391,100.561
,3600000,,31,,,1,1,,,13.7466,100.606
,6380000,,34,,,1,1,,,13.74376,100.55664
เดอะ ไลน์ ราชเทวี,13850000,,51,,,2,1,,,13.7524,100.534
ไอดีโอ วุฒากาศ,2150000,,22,,,1,1,,,13.7143,100.467
,9800000,,140,,,2,2,,,,
,5350000,9000,36,,,1,1,,,13.7214,100.497
,2600000,,35,,,1,1,,,,
เดอะ ซี๊ด มิงเกิ้ล,2756000,16500,26,,0,,,0,,13.719949,100.539419
เดอะ ไลน์ จตุจักร-หมอชิต,7800000,,35,,,1,1,,,13.8062,100.5562
ไลฟ์ อโศก,5051383,,35,,,1,1,,,13.75064,100.56436
,20000000,,206,,0,4,,0,,13.734282,100.573354
,12100000,,78,,,2,2,,,13.737,100.556
เอช สุขุมวิท 43,14440417,65000,74,,,2,2,,,13.73277,100.57401
แอสปาย สุขุมวิท 48,3430000,,34,,0,1,,0,,13.71118,100.593972
เดอะ ซิกเนเจอร์ บาย เออร์บาโน่,8800000,,49,,17,2,,1,,13.792937,100.54883
,5800000,,50,,,1,1,,,13.727936,100.560892
,7200000,,35,,,1,1,,,13.7311,100.531
,2400000,,30,,0,1,,0,,13.748173,100.605673
,1600000,,28,,8,1,,0,,13.687013,100.637707
,4200000,,29,,0,1,,0,,13.81625,100.56237
,4350000,,29,,32,1,,1,,13.750497,100.563824
,10500000,40000,53,,32,2,,0,,13.715357,100.590687
แอชตัน อโศก,15940000,,47,,,2,1,,,13.7391,100.561
,5310000,,35,,,1,1,,,13.750507,100.563889
,21500000,,160,,0,2,,1,,13.706084,100.53634
เซเรเน่ เพลส สุขุมวิท 24,8900000,40000,69,,0,1,,0,,13.726547,100.567412
คอนโด เลต มิสท์ พระราม 9,4920000,,28,,,,,,,13.75583,100.56636
,1970000,,28,,7,1,,0,,13.776295,100.583047
ริทึ่ม อโศก 2,4560000,,27,,,1,1,,,13.75427,100.56447
ศุภาลัย เวลลิงตัน ,7280000,30000,77,,0,2,,0,,13.767609,100.573782
เอดจ์ สุขุมวิท 23,6212642,,30,,,1,1,,,13.73963,100.56309
,19028721,,106,,,2,2,,,13.74793,100.54578
ซิลเวอร์ เฮอริเทจ,18666000,80000,153,,0,2,,0,,13.71871,100.579504
,1390000,,39,,16,1,,1,,13.700301,100.645297
ไลฟ์ อโศก,4220000,,29,,,1,1,,,13.750507,100.563889
ไดมอนด์ สุขุมวิท,4300000,,34,,,1,1,,,13.7083,100.6
,7000495,,36,,,1,1,,,13.75448,100.54252
ริทึ่ม สาทร,17971569,,55,,,2,1,,,13.71677,100.51648
185 ราชดำริ,61200000,,,,0,2,,0,,13.735109,100.539146
,6700000,,35,,11,1,,1,,13.804071,100.554106
,7400000,35000,59,,20,1,,1,,13.742197,100.557737
,25060000,75000,358,,0,3,,0,,13.735821,100.568503
,1290000,,26,,5,1,,0,,13.757008,100.796443
,5200000,,48,,6,2,,1,,13.800691,100.573335
,7900000,,38,,,1,1,,,13.725513,100.566203
,10000000,55000,91,,0,2,,1,,13.722345,100.537444
The Room เจริญกรุง 30,10900000,,56,,,1,1,,,13.729,100.516
ดิ อิสสระ ลาดพร้าว,4625000,,34,,30,1,,1,,13.809139,100.568272
,5600000,,46,,4,2,,0,,13.762161,100.472099
,6090000,,33,,0,1,,1,,13.756397,100.565865
,10000000,,34,,,1,1,,,13.741964,100.544311
เดอะ ซี้ด มูซี่,5200000,,44,,,1,1,,,13.7253,100.571
,7700000,,34,,,1,1,,,13.755598,100.564355
,4660000,,35,,,,,,,13.817434,100.562714
,8200000,,44,,0,1,,1,,13.728634,100.575585
,14650000,,101,,,2,2,,1,,
,16800000,80000,95,,0,3,,1,,13.728684,100.575536
,17100000,,49,,0,1,,1,,13.732892,100.582058
ดีคอนโด อ่อนนุช – พระราม 9,1980000,,30,,,,1,,,13.7302,100.7
,7188000,42000,60,,0,1,,0,,13.737886,100.566306
,17600000,90000,200,,0,3,,0,,13.699869,100.603618
,7400000,32000,55,,0,1,,1,,13.736895,100.556131
ฮัมเบิล ลิฟวิ่ง แอท อยู่เย็น รัชดา-สุทธิสาร,2200000,,33,,8,1,,1,,13.789168,100.580639
,6990000,,67,,,2,2,,,,
,6000000,,60,,,1,1,,,,
,8977310,,35,,,1,1,,,,
โนเบิล รีไฟน์,11500000,,55,,2,1,,0,,13.728332,100.570708
พลัม คอนโด บางแค,2170200,8000,33,,,1,1,,,13.71044,100.39686
,7084000,,35,,,1,1,,1,,
,1690000,,,,0,1,,0,,13.710423,100.601794
,5640000,,26,,,1,1,,,13.722842,100.566182
,7500000,,79,,17,2,,0,,13.806888,100.558739
,2700000,,44,,,1,,,,13.695297,100.494347
,4900000,,36,,,1,1,,,13.72655,100.508356
,18900000,,92,,0,2,,1,,13.748262,100.545885
ไอวี่ ทองหล่อ,6000000,28000,38,,0,1,,0,,13.737228,100.583538
บีทนิค สุขุมวิท 32,12670000,,43,,0,1,,0,,13.725805,100.575253
,6100000,,45,,,2,2,,1,,
ควอด สีลม,9720000,,54,,0,2,,0,,13.723993,100.530386
,4880000,16800,39,,33,1,,1,,13.722078,100.497857
แอสปาย รัชดา–วงศ์สว่าง,2477040,,26,,,1,1,,,13.83074,100.52531
อมันตา รัชดา,7400000,,85,,0,2,,1,,13.765298,100.56729
,22000000,,146,,,3,3,,,13.729309,100.562453
แอสปาย พระราม 4,2990000,14000,29,,22,1,,1,,13.712224,100.584489
เดอะ เพรสซิเด้นท์ สาทร-ราชพฤกษ์ 1,6200000,,60,,0,2,,1,,13.72049,100.458566
,2576000,,25,,0,2,,0,,13.657523,100.601062
,21000000,,141,,0,3,,0,,13.736832,100.583702
,6500000,,68,,,2,2,,,13.708665,100.545584
เดอะ เบส การ์เดน-พระราม 9,4720000,,33,,,1,1,,,13.7466,100.606
,,,79,,0,2,,0,,13.726068,100.575216
,1700000,,25,,0,1,,0,,13.874456,100.605507
ไลฟ์ อโศก,4243067,,29,,,1,1,,,13.75064,100.56436
เดอะ ไลน์ พหลโยธิน-ประดิพัทธ์,5810000,,34,,,1,1,,,13.7906,100.546
,9450000,,162,,,3,2,,1,,
,11700000,,63,,,2,2,,1,,
แอชตัน อโศก,8752350,,32,,,1,1,,,13.7391,100.561
,3400000,,26,,,1,,,,13.80654,100.52638
เดอะ ไลน์ จตุจักร-หมอชิต,7200000,,35,,,1,1,,,13.806,100.557
ไอ คอนโด สุขุมวิท 105,2350000,,33,,7,1,,0,,13.660786,100.632017
เดอะพาร์คชิดลม,59983000,210000,287,,0,3,,0,,13.747782,100.544917
ไอดีโอ คิว จุฬา-สามย่าน,4300000,,22,,27,1,,1,,13.733499,100.526769
,12962500,70000,85,,0,2,,0,,13.725176,100.563992
,29000000,,232,,0,4,4,0,,13.732173,100.583181
,5500000,25000,47,,0,1,,1,,13.711304,100.594628
,4600000,,29,,,1,1,,,13.7506,100.564
ศุภาลัย ริเวอร์ รีสอร์ท,4240000,,38,,,,,,,13.7074,100.49624
ชีวาทัยอินเตอร์เชนจ์ ,5555000,,41,,,1,1,,,13.80622,100.52982
,65000000,,,,0,3,,0,,13.748273,100.544648
,3550000,,30,,,1,1,,1,,
,14195000,73000,85,,0,1,,0,,13.723319,100.566608
เดอะ ลุมพินี 24,13500000,,55,,,2,2,,1,,
แอสปาย สาทร-ท่าพระ,3242539,,30,,,1,1,,,13.71501,100.47866
,8652000,,34,,,1,1,,,13.7389,100.560898
,4450000,16000,35,,8,1,,1,,13.780023,100.542363
เอดจ์ สุขุมวิท 23,8100000,,32,,0,1,,1,,13.735972,100.562588
เดอะ เทรนดี้ คอนโดมิเนียม,7200000,,72,,0,1,,1,,13.741124,100.557866
The Room สาทร-ตากสิน,4945000,,45,,,1,1,,,13.71774,100.48349
เดอะ ริเวอร์,23240000,68000,140,,0,2,,0,,13.720439,100.509914
ไลฟ์ อโศก-พระราม 9 ,4930000,,35,,,1,1,,,,
,10900000,,101,,0,2,,0,,13.701994,100.500228
,7250000,,37,,,1,1,,,13.7147,100.605
,9500000,,92,,,2,2,,,13.755178,100.53092
,3600000,,30,,6,1,,93,,13.721868,100.504753
,8000000,,119,,0,3,,0,,13.740661,100.568558
,5410000,18000,31,,,1,1,,,13.715,100.595
,13240000,,56,,0,1,,0,,13.722657,100.525396
แอสปาย พระราม 4,3340800,18000,36,,0,1,,0,,13.712224,100.584489
,11536000,,57,,0,2,,0,,13.725516,100.566202
,6690000,,36,,0,1,,0,,13.756192,100.531981
,3711374,,21,,,,1,,,13.70427,100.60203
โนเบิล รีวอลฟ์ รัชดา 2,4400000,,25,,,1,1,,,13.7639,100.569
แชปเตอร์วัน มิดทาวน์ ลาดพร้าว 24,4650000,16800,33,,0,1,,1,,13.80621,100.572682
แอสปาย สาทร-ท่าพระ,4600000,,46,,,2,1,,,13.71501,100.47866
ไลฟ์ อโศก,5190000,,35,,,1,1,,,13.750507,100.563889
,5740000,30000,70,,0,1,,0,,13.721736,100.588854
,1450000,,29,,8,1,,0,,13.736911,100.745302
,70000,,260,,,3,3,,1,,
,5400000,25000,79,,7,2,,0,,13.67054,100.624507
,6240000,,35,,,1,1,,,13.747864,100.548372
พลัส 38 ฮิป,5500000,20000,49,,,1,1,,,13.7214,100.578
,7100000,,42,,,1,1,,,,
,4304300,14000,32,,,1,1,,,13.829167,100.527092
,4611000,,32,,,1,1,,,13.755019,100.561977
,7550000,,53,,,1,2,,,13.7639,100.569
,2250000,,30,,12,1,,0,,13.673034,100.501491
,15000000,,79,,,2,2,,,13.747925,100.545775
,120000000,,529,,,4,,,,13.723885,100.566537
,39690000,140000,270,,0,4,,0,,13.726403,100.584208
,21300000,,69,,0,2,,0,,13.73329,100.572901
พลัส 38 ฮิป,9524400,38000,100,,0,2,,0,,13.72131,100.578018
ไลฟ์ อโศก-พระราม 9 ,4320000,,32,,,1,1,,,,
เดอะ ไลน์ ราชเทวี,7280000,,28,,,1,1,,,13.7524,100.534
เดอะ ไลน์ จตุจักร-หมอชิต,6192601,,32,,,,1,,,13.8062,100.5562
,7600000,,44,,10,1,,1,,13.760928,100.536155
ไลฟ์ อโศก-พระราม 9 ,4920000,,35,,,1,1,,,,
,6500000,,60,,0,1,,1,,13.724878,100.569076
,9805000,42000,53,,0,2,,0,,13.721175,100.579126
,5200000,,38,,0,1,,0,,13.725069,100.53313
,15540000,,91,,,,,,,13.72608,100.56801
,21045000,95000,138,,0,3,,0,,13.725176,100.563992
,5000000,16000,36,,,1,1,,,13.7214,100.497
ริทึ่ม สาทร,6192600,,38,,,1,1,,,13.71677,100.51648
ไลฟ์ อโศก-พระราม 9 ,3670000,,28,,,,1,,,13.755352,100.564598
เอช สุขุมวิท 43,14480000,60000,63,,,2,2,,,13.73277,100.57401
,8980000,,66,,,2,1,,,13.742115,100.558557
ริทึ่ม รัชดา,4900000,,45,,,1,1,,,13.7988,100.576
,11300000,,65,,,2,2,,,13.714298,100.602336
เอดจ์ สุขุมวิท 23,8200000,,33,,,2,2,,1,,
,14300000,,75,,0,2,,0,,13.719791,100.576486
,1790000,7000,31,,3,1,,0,,13.782207,100.671996
,5400000,26000,47,,,1,1,,,13.7304,100.588
,4060000,,30,,,1,1,,,13.695005,100.60354
,1590000,,23,,,1,1,,,13.717091,100.654699
ไอวี แอมพิโอ,7800000,,44,,0,1,,0,,13.763443,100.568457
ไลฟ์ อโศก,4250000,,29,,,1,1,,,13.750507,100.563889
,9720000,45000,54,,0,2,,0,,13.739993,100.55125
,11000000,30000,112,,29,2,,0,,13.748871,100.548661
,7200000,28000,54,,,2,2,,,13.7466,100.606
,7550000,28000,28,,29,1,,1,,13.725509,100.566466
โนเบิล รีวอลฟ์ รัชดา 2,4014870,,25,,,1,1,,,13.76369,100.56947
,16500000,,98,,,2,2,,,13.726081,100.568005
,8500000,,100,,,2,2,,,,
,1990000,,33,,4,1,,0,,13.789554,100.588963
,3100000,,29,,0,1,,0,,13.830239,100.570836
เดอะ ไลน์ อโศก-รัชดา,6791219,,36,,,1,1,,,13.755979,100.563553
,27130206,95000,275,,,4,3,,,13.725,100.58289
แอชตัน อโศก,9082482,,35,,,1,1,,,13.73701,100.56039
,4060000,20000,35,,0,1,,0,,13.712821,100.594265
,15650000,,55,,8,1,,1,,13.731946,100.570703
โนเบิล โซโล,20125000,85000,161,,0,2,,0,,13.740159,100.585009
ไอดีโอ โมบิ อโศก,7104900,,35,,0,1,,1,,13.756397,100.565865
,12901252,,85,,,2,2,,,13.75699,100.53922
โนเบิล เพลินจิต,30400000,,82,,,2,2,,,13.7435,100.549
โนเบิล รีวอลฟ์ รัชดา,4600000,,25,,,1,1,,,13.7637,100.569
,53000000,,299,,,4,4,,,13.72655,100.508356
,9900000,,87,,0,2,,0,,13.738911,100.541221
ไซมิส สุรวงศ์,14331322,,88,,0,3,,0,,13.729786,100.527884
,7350000,27000,40,,,,1,,,13.7479,100.546
วอเตอร์ฟอร์ต สุขุมวิท 50,4343496,,57,,,1,1,,,13.70705,100.59374
เดอะ ไลน์ จตุจักร-หมอชิต,6500000,23000,33,,,1,1,,,13.806,100.557
,3900000,,29,,,1,,,,13.745905,100.583257
เดอะ ไลน์ ราชเทวี,9120000,28000,34,,,1,1,,,13.7524,100.534
วิช ซิกเนเจอร์ มิดทาวน์ สยาม,5900000,,35,,,1,1,,,13.752,100.535
เอดจ์ สุขุมวิท 23,8980000,40000,46,,,1,1,,,13.7391,100.563
เซอร์เคิล คอนโดมิเนียม,3840000,20000,32,,0,1,,0,,13.749775,100.55577
แอสปาย สุขุมวิท 48,6272000,30000,64,,0,2,,0,,13.711258,100.593974
,3550000,,30,,,1,1,,1,,
,8000000,,106,,,2,2,,,13.742918,100.558666
,6800000,,29,,0,1,,1,,13.725505,100.565748
,10500000,43000,48,,,1,1,,,13.7249,100.577
,6300000,,35,,0,1,,1,,13.716878,100.58494
,3900000,18000,30,,0,1,,1,,13.713111,100.594478
แอชตัน อโศก,9330000,,36,,,,,,,13.73701,100.56039
,17730000,,46,,,1,1,,,13.746768,100.544086
,37310000,,287,,,,,,,13.738121,100.53699
อัลติจูด สามย่าน-สีลม,9100000,,48,,,2,2,,,13.73188,100.52606
,11900000,,70,,,2,2,,,13.724874,100.57643
ไบร์ท สุขุมวิท 24,25000000,,135,,0,2,,1,,13.723664,100.566587
,15800000,,176,,,3,3,,1,,
,13300000,,55,,,2,2,,,13.722535,100.566241
ไอดีโอ ลาดพร้าว 5,6000000,,61,,,2,,0,,13.810531,100.565796
,7650000,,45,,0,1,,0,,13.726463,100.575743
,12000000,,,,0,2,,0,,13.724516,100.581644
ไลฟ์ อโศก-พระราม 9 ,8610000,,58,,,2,2,,,,
,6780000,,57,,,2,2,,,13.70338,100.54031
,7500000,,44,,10,1,,1,,13.760928,100.536155
เดอะ ไลน์ จตุจักร-หมอชิต,5900000,,27,,,1,1,,,13.806,100.557
,2460000,,29,,,,,,,,
,2550000,,35,,12,1,,0,,13.773355,100.492757
ไอดีโอ คิว สยาม - ราชเทวี,5930000,,34,,,1,1,,,13.74935,100.56009
อีควิน๊อกซ์ พหล-วิภา,5460000,,40,,,,,,,13.80956,100.55814
ควอทโทร บาย แสนสิริ,12000000,,54,,0,1,,1,,13.727393,100.581584
,6500000,22000,33,,,1,1,,,13.7572,100.535
,4790000,,38,,,1,1,,,13.713642,100.60156
,3510000,,26,,,,,,,13.817434,100.562714
ซี เอกมัย,4280000,,27,,0,1,,0,,13.740252,100.589806
แอชตัน จุฬา-สีลม,8470000,,35,,,1,1,,,13.731102,100.531009
,4350000,,30,,23,1,,1,,13.712958,100.599685
บลอคส์ 77,4300000,,40,,0,1,,0,,13.71036,100.601915
แอชตัน จุฬา-สีลม,7239254,,35,,,1,1,,,13.7311,100.53101
,14000000,,136,,,2,2,,,13.721443,100.517076
,7550000,,37,,,1,1,,,13.7432,100.562
ดิ แอดเดรส อโศก,7800000,,46,,,1,1,,1,,
แอชตัน จุฬา-สีลม,8700000,,35,,,,1,,,13.7311,100.531
,5500000,,29,,,1,1,,,13.7506,100.564
เดอะ ไลน์ จตุจักร-หมอชิต,18000000,55000,78,,,3,2,,,13.806,100.557
,18500000,,57,,,1,1,,,13.7267,100.541
,4900000,,28,,0,1,,0,,13.722643,100.576874
พลัส 38 ฮิป,7048056,35000,74,,0,2,,0,,13.72131,100.578018
,7000000,27000,39,,18,1,,0,,13.747925,100.545775
อมันตา ลุมพินี,18769443,,121,,,2,2,,,13.72316,100.5514
,2060000,,25,,,1,1,,,,
,12900000,,56,,2,1,,0,,13.727569,100.575252
,7474059,,114,,,2,3,,,13.72657,100.52825
,9216000,48000,72,,0,2,,0,,13.729573,100.572038
,13700000,,80,,,2,2,,,13.714446,100.592856
เดอะ รูม สุขุมวิท 69 ,7160000,,34,,21,,,0,,13.714251,100.592707
อัลติจูด สามย่าน-สีลม,4954081,,31,,,1,1,,,13.73188,100.52606
คีนน์ บาย แสนสิริ,8000000,32000,36,,1,1,,1,,13.724782,100.577214
,3150000,,31,,,1,1,,,13.710945,100.602343
,2200000,,26,,0,1,,2,,13.831006,100.524477
เซเรเน่ เพลส สุขุมวิท 24,17270000,,156,,,,,,,13.72655,100.56741
ไลฟ์ อโศก-พระราม 9 ,3810000,,28,,,,1,,,13.755352,100.564598
ไฮฟ์ ตากสิน,6670000,18000,51,,,1,1,,,13.7214,100.503
ริทึ่ม พหล-อารีย์,5300000,,35,,50,1,,1,,13.788926,100.545273
,12305000,55000,107,,0,3,,0,,13.759717,100.569091
ไลฟ์ อโศก,4620000,,29,,,1,1,,,13.750507,100.563889
,4200000,,41,,3,2,,0,,13.681628,100.612573
,6150000,25000,50,,,1,1,,,13.7251,100.569
เดอะ ทรี ริโอ้ บางอ้อ สเตชั่น ,2932197,,30,,,1,1,,,13.79987,100.50772
,2100000,,26,,,,1,,,13.71343,100.46398
วินด์ สุขุมวิท 23,7500000,,51,,,1,1,,1,,
,5874990,,30,,,,1,,,13.72247,100.58455
,7224701,,82,,,2,2,,,13.7023,100.54225
,9500000,,52,,,2,1,,,13.724037,100.572097
เดอะ มาสเตอร์ สาทร เอ็กเซ็คคลูทีฟ,7800000,,108,,0,2,,0,,13.72148,100.499561
,5300000,,70,,0,2,,1,,13.683392,100.548223
เดอะ ไลน์ สุขุมวิท 71,6190000,22000,31,,,1,1,,,13.715,100.595
,29000000,,161,,25,3,,2,,13.725618,100.567688
,4200000,,56,,6,1,,0,,13.708947,100.532829
ทรูทองหล่อ,4780000,,38,,,1,1,,,13.7442,100.58534
,26000000,95000,125,,0,3,,0,,13.748806,100.563073
ริทึ่ม สุขุมวิท,11120000,,65,,,2,2,,,13.70665,100.6
,7300000,,46,,0,1,,0,,13.749554,100.561961
,2300000,,26,,5,1,,1,,13.664476,100.609343
,99000000,,564,,0,,,0,,13.705631,100.538807
,20000000,,206,,0,3,,1,,13.734282,100.573354
มายคอนโด ปิ่นเกล้า,2100000,,34,,6,1,,1,,13.776095,100.482886
,37000000,,135,,0,3,,0,,13.73329,100.572901
,17900000,,248,,,3,2,,,13.72655,100.508356
ดีคอนโด อ่อนนุช-สุวรรณภูมิ,1330000,,29,,4,1,,1,,13.756331,100.501765
,8300000,,84,,0,2,2,0,,13.734504,100.578623
ดิ แอดเดรส อโศก,9650000,,65,,0,2,,0,,13.749554,100.561961
,4200000,,35,,0,1,,0,,13.712735,100.593997
,12812672,40000,120,,,2,2,,,13.67289,100.63428
,7885000,,83,,0,2,,0,,13.729688,100.572655
,9520000,45000,80,,0,2,,0,,13.748676,100.564918
,4292000,18000,29,,0,1,,0,,13.715969,100.591997
,5300000,,59,,,1,1,1,1,13.738793,100.58727
,14000000,50000,80,,22,1,,1,,13.744851,100.562611
,14028546,,160,,,3,4,,,13.73729,100.55619
,5600000,,73,,0,2,,0,,13.732801,100.562807
,1569000,,35,,40,1,,1,,13.73116,100.530992
,3370000,,26,,17,,,0,,13.698535,100.604719
,5890000,,39,,,1,1,,,13.695005,100.60354
เดอะ ไลน์ จตุจักร-หมอชิต,6360000,,35,,,1,1,,,13.8062,100.5562
,4120000,,42,,0,,,0,,13.80237,100.576197
,10815000,,96,,,1,1,,,13.72655,100.508356
ไลฟ์ อโศก-พระราม 9 ,3000000,,25,,,,1,,,,
โมริ เฮาส์,4700000,,36,,0,1,,0,,13.711197,100.598897
,5286000,,35,,8,1,,1,,13.746337,100.587398
,4460000,,52,,,1,1,,,13.80004,100.57346
,7790000,,50,,,1,1,,,13.735297,100.564495
,8200000,35000,43,,,1,1,,,,
ศุภาลัย คาซ่า ริวา,4300000,,66,,8,1,,0,,13.695305,100.494523
,14195000,74000,85,,0,1,,0,,13.723319,100.566608
,7280000,,35,,,1,1,,,13.731223,100.585851
เดอะ ไลน์ อโศก-รัชดา,5200000,,35,,,1,1,,,13.7558,100.564
,11500000,,80,,,2,2,,,13.736979,100.556123
,8755000,,62,,0,2,,1,,13.714298,100.602336
ไอดีโอ สุขุมวิท 93,4990000,,43,,,1,1,,,13.6987,100.605
,13000000,,43,,,1,1,,,13.7261,100.575
ฟิวส์ จันทน์-สาทร,3471930,18000,32,,,1,1,,,13.70628,100.53104
,8500000,,48,,,1,1,,,13.723244,100.566816
,6600000,,35,,2,1,,0,,13.730651,100.587341
โนเบิล รีมิกซ์,10900000,,62,,0,1,,0,,13.724749,100.577298
ไลฟ์ รัชดาภิเษก,6300000,,56,,0,2,,0,,13.782579,100.574444
,4300000,,35,,,1,1,,,13.755019,100.561977
,5700000,,46,,0,1,,1,,13.739157,100.572641
,10273400,38000,62,,0,1,,0,,13.710619,100.509388
,13000000,45000,55,,44,2,,1,,13.725509,100.566466
,7682000,40000,46,,0,1,,0,,13.723319,100.566608
,33000000,,180,,,3,,,,13.724331,100.566836
,44500000,,299,,,5,5,,,,
วิลล่า ราชเทวี,6200000,21000,44,,11,1,,1,,13.754389,100.532219
,3000000,,31,,12,1,,0,,13.756331,100.501765
,5200000,,34,,,1,1,,,13.72655,100.508356
,9460000,,33,,,1,1,,,,
,3730000,18000,35,,,1,1,,,13.6873,100.607
เมย์แฟร์ เพลส สุขุมวิท 64,4330800,,40,,8,1,,1,,13.686619,100.605762
,11169000,50000,73,,0,2,,0,,13.780702,100.544937
ดิ แอดเดรส สาทร,13700000,,70,,21,2,,1,,13.722657,100.525396
,690000,,25,,1,1,,0,,13.711486,100.436158
,20500000,,162,,,3,3,,,13.723244,100.566816
,8200000,,48,,,2,2,,,13.7291,100.592
,5000000,,41,,0,1,,0,,13.745672,100.54746
คิว ชิดลม-เพชรบุรี,11483146,,63,,,2,2,,,13.7494,100.54387
ไลฟ์ อโศก-พระราม 9 ,8290000,,58,,,2,2,,,13.755352,100.564598
,4000000,,38,,3,1,,1,,13.78708,100.548031
เดอะ ไลน์ จตุจักร-หมอชิต,5090000,18000,26,,,1,1,,,13.806,100.557
,6800000,40000,69,,,2,2,,,13.7133,100.592
ชาโตว์ อินทาวน์ เมเจอร์ รัชโยธิน 2,2340000,,29,,,1,1,,,13.83471,100.57935
ไอดีโอ คิว ราชเทวี,6352577,,34,,,1,1,,,13.75269,100.53386
แอชตัน อโศก,9100000,,34,,,1,1,,,13.7391,100.561
ไลฟ์ อโศก,8490000,,55,,,2,2,,,13.750507,100.563889
,15000000,,79,,,2,2,,,13.747925,100.545775
,6130000,,38,,,1,1,,,13.712082,100.595331
,71250000,,356,,0,4,,0,,13.723664,100.566587
,3200000,,29,,,,1,,,13.713503,100.460859
,4720000,,31,,,1,1,,,13.7914,100.549
ไฟคัส เลน,29000000,,250,,0,3,,0,,13.713912,100.58924
โนเบิล รีโว สีลม,9000000,,66,,0,2,,0,,13.719509,100.519492
เดอะ เทรนดี้ คอนโดมิเนียม,3605000,21000,35,,0,1,,0,,13.741124,100.557866
,6990000,,52,,14,1,,1,,13.785945,100.573133
,64000000,,258,,,3,3,,,13.727566,100.581701
เอดจ์ สุขุมวิท 23,7472556,,34,,,1,1,,,13.73963,100.56309
,39760000,135000,161,,0,3,,1,,13.723319,100.566608
แอชตัน อโศก,7810000,,35,,,1,1,,,13.73701,100.56039
ไอดีโอ สุขุมวิท 93,3521319,,27,,,,1,,,13.69863,100.6049
,3600000,15000,,,0,2,,0,,13.685896,100.467758
,35000000,,161,,,3,4,,1,,
,9100000,,47,,0,1,,,,13.722657,100.525396
,4680000,,29,,,1,1,,,13.750507,100.563889
ลุมพินี วิลล์ พัฒนาการ-เพชรบุรีตัดใหม่,1690000,,26,,,1,1,1,1,13.736116,100.616922
เดอะ ไลน์ พหลโยธิน-ประดิพัทธ์,7990000,,52,,,2,2,,,13.7906,100.546
ไลฟ์ รัชดาภิเษก,5080000,20000,38,,,1,1,,,13.78302,100.57459
เดอะ ริเวอร์,36000000,,131,,0,3,,2,,13.720439,100.509914
,5900000,,,,0,1,,0,,13.740929,100.557313
เดอะ ลุมพินี 24,11640000,,55,,29,2,,1,,13.723074,100.566336
,11100000,,49,,0,1,,0,,13.76234,100.537173
,5780000,,42,,,1,1,,,13.68945,100.60685
ริทึ่ม อโศก 2,4880000,,28,,,1,1,,,13.75427,100.56447
แอชตัน อโศก,7810000,,35,,,1,1,,,13.73701,100.56039
,8000000,,35,,0,1,,0,,13.724993,100.576933
เดอะ ล็อฟท์ เย็นอากาศ,6500000,,70,,0,2,,0,,13.708816,100.545652
ดี คอนโด แคมปัสรีสอร์ท ราชพฤกษ์,2200000,8000,31,,,,1,,,13.7384,100.448
พาร์ค 24 เฟส 1,12488412,,55,,,2,2,,,13.72552,100.56563
,19000000,,206,,5,3,,0,,13.735815,100.57328
,6020240,,35,,,1,1,,,13.747797,100.548437
,3990000,,30,,,1,1,,,13.711182,100.603039
ไบร์ท สุขุมวิท 24,36880000,,,,0,3,,0,,13.723664,100.566587
,12750000,50000,85,,14,2,,1,,13.725176,100.563992
,11990000,,44,,0,1,,0,,13.743762,100.548609
,3490000,,38,,0,1,,0,,13.755257,100.575079
185 ราชดำริ,70400000,180000,200,,0,2,,0,,13.735109,100.539146
,4650000,,42,,6,2,,0,,13.681362,100.612849
,19500000,,112,,,2,2,,,,
,5300000,,35,,0,1,,0,,13.713111,100.594478
บ้าน ลักซ์-สาทร,37900000,,353,,,3,3,,,13.7154,100.55055
รีเจ้นท์ โฮม 7 สุขุมวิท,2250000,,65,,0,1,,0,,13.675468,100.603665
แบงค์คอก เฟ’ลิซ สาทร-ตากสิน,6500000,,55,,,2,1,1,3,13.721858,100.504753
,20000000,75000,106,,0,2,,0,,13.723319,100.566608
ไลฟ์ อโศก-พระราม 9 ,8450000,,58,,,2,2,,,13.755352,100.564598
ไอดีโอ โมบิ อโศก,6195594,,35,,,1,1,,,13.70427,100.60203
,15500000,,45,,,1,1,,,13.7421,100.544
ไอดีโอ คิว ราชเทวี,6500000,25000,34,,11,1,,1,,13.752774,100.533844
,19100000,,282,,,4,,,,,
เดอะ ดิโพลแมท สาทร,23448700,,85,,,2,2,,,13.7198,100.522
ดิ แอดเดรส สาทร,19350000,,80,,,2,2,,,13.7228,100.526
,18500000,,293,,0,3,,0,,13.737311,100.568426
,5200000,,40,,5,1,,0,,13.800353,100.5736
,16000000,,66,,,1,1,,,13.727,100.51
วิลล่า ราชเทวี,6622000,23000,43,,0,1,,0,,13.754389,100.532219
ริทึ่ม สาทร,6390000,33000,45,,31,1,,1,,13.717838,100.516781
,5700000,,35,,,1,1,,,13.747864,100.548372
,7500000,,45,,,1,1,,,13.718323,100.587363
,15990000,,41,,0,1,,0,,13.732892,100.582058
วินเซนเต้ สุขุมวิท 49,6900000,,59,,,1,,,,13.73742,100.57462
,18000000,70000,81,,,1,2,,,13.7291,100.582
,7725000,,50,,,2,2,,,13.713491,100.600415
,17545703,,54,,,1,1,,,13.732932,100.582302
,5514847,,41,,0,1,,1,,13.705855,100.597221
,9670000,,33,,,1,1,,,13.7197,100.522
,5080000,22000,50,,0,1,,1,,13.72162,100.580756
แอชตัน จุฬา-สีลม,6801540,,31,,,1,1,,,13.7311,100.53101
แอชตัน อโศก,8755000,,34,,0,1,,0,,13.738886,100.561535
,1850000,,30,,4,1,,0,,13.76415,100.654108
,11880000,,81,,,1,,,,13.752673,100.533663
เมอร์ราญา เพลส ลาดพร้าว 27,3120000,,35,,,1,1,,,13.80418,100.57834
,27000000,,136,,0,3,,0,,13.723197,100.566949
,17000000,,66,,11,1,,0,,13.728009,100.510782
ไบร์ท สุขุมวิท 24,29500000,,177,,2,3,,0,,13.723664,100.566587
เดอะ ไลน์ สุขุมวิท 71,5950000,,31,,,1,1,,,13.715,100.595
คีนน์ บาย แสนสิริ,8000000,35000,36,,22,1,,1,,13.724821,100.577001
ริทึ่ม สาทร,5643083,25000,35,,,1,1,,,13.71677,100.51648
,7530000,,50,,,1,1,,,13.780083,100.573424
คิว คอนโด อโศก ,6390000,,31,,0,,,1,,13.748806,100.563073
,7820000,,35,,0,1,,0,,13.739676,100.556998
,6150000,22000,31,,,1,1,,,13.715,100.595
ริทึ่ม อโศก 2,4816192,,28,,,,1,,,13.75427,100.56447
เดอะ ฟายน์ แอท รีเวอร์,22000000,100000,202,,,3,4,,,13.71745,100.50891
,6460000,,32,,,1,1,,,13.725512,100.566204
เอดจ์ สุขุมวิท 23,7500000,28000,31,,,1,1,,,13.7391,100.563
,20000000,,112,,16,2,,1,,13.740214,100.566136
ไลฟ์ อโศก,5003621,,35,,,1,1,,,13.75064,100.56436
,110000,,290,,,4,5,,,13.725075,100.577704
,180000,,326,,,4,4,,,13.723604,100.566878
โนเบิล รีโว สีลม,6100000,25000,34,,,1,1,,,13.7195,100.519
,2750000,,23,,6,1,,1,,13.838191,100.574293
,21500000,,182,,,3,4,,1,,
แอชตัน อโศก,14670000,,47,,,2,1,,,13.7391,100.561
ริทึ่ม พหล-อารีย์,5400000,,45,,,1,1,,,13.7884,100.548
,20100000,,200,,,3,4,,,13.7464,100.556
,88000000,200000,192,,33,3,,3,,13.723829,100.52783
พอส สุขุมวิท 103,2882851,,27,,,1,1,,,13.68147,100.61273
,21042819,65000,92,,,2,2,,,13.72775,100.53587
,4200000,,40,,,1,1,,,,
,2000000,,33,,8,1,,1,,13.782998,100.584468
,7326000,32000,74,,0,2,,0,,13.776533,100.541974
,8700000,40000,55,,,1,1,,,13.7396,100.564
,8240000,,69,,0,2,,0,,13.713111,100.594478
ไบร์ท วงเวียนใหญ่,5660000,,41,,0,1,,0,,13.719558,100.490595
คิวเฮ้าส์ คอนโด สาทร ,6000000,,48,,0,1,,1,,13.721286,100.50125
เดอะ ลุมพินี 24,13000000,,55,,0,2,,0,,13.723074,100.566336
,1800000,,28,,7,1,,0,,13.753542,100.639195
ริทึ่ม สุขุมวิท 36 – 38,5690000,,33,,,1,1,,,13.72161,100.57689
เดอะ ไลน์ อโศก-รัชดา,6065000,,36,,,1,1,,,13.7558,100.564
,1200000,,23,,,1,1,,,13.774982,100.658735
,6400000,,33,,0,1,,1,,13.756397,100.565865
,8500000,,130,,,3,2,,,13.72655,100.508356
,5060000,,35,,,1,1,,,13.695005,100.60354
,3500000,,39,,5,1,,0,,13.707769,100.602035
,21000000,,295,,,2,3,,,13.72655,100.508356
,1400000,,,,0,1,,0,,13.728734,100.698432
ไฮฟ์ ตากสิน,8610000,35000,73,,,2,2,,,13.7214,100.503
,12174774,,95,,,1,2,,,13.72111,100.5175
,4228605,23000,65,,,1,1,,,,
,320000000,,662,,0,,,0,,13.741816,100.585417
,5859000,35000,54,,0,1,,0,,13.730581,100.576887
บ้านสิริสาทร สวนพลู,7480000,34000,76,,,2,2,,,13.7083,100.538
แมกโนเลียส์ ราชดำริ บูเลอวาร์ด,11000000,,51,,0,1,,0,,13.742584,100.540276
โนเบิล เพลินจิต,11500000,,46,,0,1,,0,,13.743535,100.548669
แมนฮัตตัน ชิดลม,12500000,,89,,0,2,,0,,13.749366,100.543323
,5300000,18000,32,,7,1,,1,,13.780348,100.574038
เอดจ์ สุขุมวิท 23,6460000,,30,,,,,,,13.73963,100.56309
แชปเตอร์วัน เดอะ แคมปัส ลาดพร้าว 1,3790000,,29,,,1,1,,,13.83855,100.57451
เดอะ ลอฟท์ อโศก,8927665,,49,,,1,1,,,13.74677,100.56278
,7828000,,35,,,1,1,,,13.721282,100.584962
,9800000,,112,,0,2,,0,,13.739922,100.541005
,3698015,,32,,,1,1,,,,
สกาย วอล์ค คอนโดมิเนียม,7510000,,50,,,1,1,,,13.71425,100.59348
,20000000,,92,,,2,2,,,13.7479,100.546
,5360000,,32,,0,1,,0,,13.755804,100.565881
,19440000,75000,144,,0,2,,0,,13.7395,100.54268
,950000,,31,,,1,,0,,13.795639,100.588585
ริทึ่ม รัชดา,8900000,,67,,0,2,,0,,13.77911,100.574355
เอลลิโอ เดล เรย์ สุขุมวิท 64,5050000,,45,,,2,2,,,13.6842,100.604
,40872000,,127,,0,2,,0,,13.730839,100.570793
,15000000,,98,,,2,2,,,13.738121,100.53699
,39500000,,144,,,3,3,,,13.72795,100.51117
เดอะ โมนูเมนต์ สนามเป้า,11880000,,52,,,1,1,,,13.76886,100.54021
,5600000,,34,,,1,1,,,13.737914,100.49928
,9785000,,46,,,1,1,,,13.740352,100.557293
เอท ทองหล่อ เรสซิเดนซ์,10000000,,53,,0,1,,0,,13.730598,100.581843
ไนท์บริดจ์ สกายซิตี้ สะพานใหม่,3100000,,23,,,1,1,,,13.88756,100.60408
,3800000,,52,,,1,1,,,,
ลุมพินี วิลล์ ประชาชื่น-พงษ์เพชร 2,1850000,7500,30,,6,1,,0,,13.845608,100.542517
,22000000,,165,,0,3,,1,,13.71039,100.500848
,4270891,20000,56,,,1,1,,,13.73844,100.55406
,3200000,,30,,2,1,,0,,13.808815,100.565444
ไอดีโอ โมบิ อโศก,11319700,,55,,0,2,,0,,13.756397,100.565865
ดิ แอดเดรส อโศก,7400000,,46,,0,1,,0,,13.749554,100.561961
คอนโดเลต ไอซ์ ราชเทวี,6100000,,31,,,1,1,,,13.7534,100.531
,6180000,,34,,,1,1,,,13.714446,100.592856
ริทึ่ม สุขุมวิท 36 – 38,6509740,,33,,,1,1,,,13.72161,100.57689
ชาโตว์ อินทาวน์ พระราม 8,3313042,,31,,,1,1,,,13.76891,100.49721
,6600000,,46,,0,1,,0,,13.739281,100.572775
,6390000,,44,,0,1,,0,,13.704467,100.602257
,2600000,,21,,,,1,,,,
ไลฟ์ อโศก-พระราม 9 ,3780000,,32,,,1,1,,,13.755352,100.564598
แอชตัน อโศก,9100000,,34,,,1,1,,,13.7391,100.561
เดอะ ริเวอร์,29000000,,,,0,3,,0,,13.720439,100.509914
,4848000,,34,,,1,1,,,13.6987,100.605
,10217321,,73,,0,2,,0,,13.747681,100.558015
,38000000,,474,,0,4,,0,,13.718593,100.573397
,3800000,35000,42,,0,1,,1,,13.745809,100.541804
,29000000,,152,,,3,3,,,13.725069,100.564216
,2100000,,25,,4,1,,0,,13.684854,100.604686
,5500000,,36,,0,1,,0,,13.735031,100.564694
,7315000,,77,,,2,2,,,,
,4850000,,26,,,1,1,,,13.806,100.557
,6450000,25000,60,,,2,1,,,13.7206,100.459
,9604000,45000,98,,0,2,,0,,13.747949,100.55787
,13200000,,137,,,2,3,,,13.722837,100.537434
,9000000,,60,,0,1,,0,,13.714246,100.593478
บลอคส์ 77,4600000,19000,41,,11,1,,1,,13.71036,100.601915
,15000000,45000,59,,0,2,,0,,13.748806,100.563073
เดอะ ไลน์ อโศก-รัชดา,6920000,,35,,,,,,,13.755979,100.563553
,3200000,13000,44,,11,1,,1,,13.713158,100.592488
,4270000,,29,,,1,1,,,13.750507,100.563889
โซซิโอ ร่วมฤดี,5370000,,51,,0,1,,1,,13.735902,100.550772
เดอะ เทรนดี้ คอนโดมิเนียม,11300000,,86,,1,2,,1,,13.741124,100.557866
,3620000,12000,30,,,1,1,,,13.713,100.6
ไลฟ์ อโศก-พระราม 9 ,3870000,,28,,,,1,,,,
,10815000,,89,,,2,2,,,13.749439,100.543493
,6400000,,35,,0,,,0,,13.721175,100.579126
,7950000,,34,,12,1,,0,,13.738886,100.561535
,6034080,,34,,,,,,,13.708903,100.598517
เดอะ สกาย สุขุมวิท,,,35,,18,1,,0,,13.675547,100.608005
ไลฟ์ อโศก-พระราม 9 ,5320000,,35,,,1,1,,,,
เดอะ ไลน์ ราชเทวี,10230706,35000,35,,,1,1,,,13.8062,100.5562
,4872000,22000,42,,0,1,,0,,13.712821,100.594265
,8000000,,150,,0,3,,0,,13.833471,100.56961
,12900000,,55,,,1,1,,,13.729,100.516
,3910000,,33,,0,1,,0,,13.72039,100.497075
,2300000,,31,,17,1,,1,,13.822625,100.532683
,16200000,50000,180,,0,2,,0,,13.72535,100.581725
ริทึ่ม พหล-อารีย์,8600000,,67,,,2,2,,,13.7884,100.548
,3160882,,57,,,2,1,,,13.70981,100.45118
,8700000,38000,49,,10,1,,1,,13.726317,100.591507
,22000000,,311,,0,4,,0,,13.726447,100.561711
ไอดีโอ สุขุมวิท 93,3590000,,27,,,,,,,13.69863,100.6049
คอนโด วัน ลาดพร้าว 18,2690000,12000,32,,,,1,,,13.8077,100.57
,5600000,,35,,31,1,,0,,13.750674,100.564563
,10500000,,74,,,2,2,,,,
,15160000,,55,,8,1,,1,,13.731946,100.570703
ดิ เอ็มไพร์ เพลส สาทร,17800000,,114,,,2,2,,,13.7191,100.531
,2900000,,37,,1,1,,0,,13.847164,100.640432
,6120000,,45,,0,1,,0,,13.721928,100.496621
,5356000,,50,,0,1,,0,,13.721731,100.580789
ฟิวส์ จันทน์-สาทร,4665930,25000,32,,,1,1,,,13.70628,100.53104
ไอดีโอ โมบิ อโศก,6048933,,33,,,1,1,,,13.70427,100.60203
มายคอนโด ปิ่นเกล้า,2020000,7500,25,,,,1,,,13.7756,100.484
,9000000,,60,,11,2,,,,13.718617,100.527071
,6900000,,94,,0,2,,0,,13.765902,100.496439
,4659243,,34,,,1,1,,,13.69863,100.6049
แอชตัน สีลม,9900000,,33,,0,1,,0,,13.726016,100.526983
,12920000,,55,,,2,2,,,13.7225,100.566
,2300000,,29,,14,1,,0,,13.756331,100.501765
,69230000,,139,,,,,,,13.732932,100.582302
ไอดีโอ คิว จุฬา-สามย่าน,6619770,,33,,,1,1,,,13.73336,100.5267
แมกโนเลียส์ ราชดำริ บูเลอวาร์ด,17500000,,80,,,2,2,,,13.738121,100.53699
,15000000,,143,,,1,,0,,13.732298,100.574337
ควอทโทร บาย แสนสิริ,21900000,,85,,,2,2,,1,,
ไลฟ์ อโศก-พระราม 9 ,6190000,,40,,,1,1,,,,
ไฮฟ์สุขุมวิท 65,3952000,18000,38,,0,1,,0,,13.720328,100.588469
,9250000,,42,,,1,1,,,13.72273,100.577988
,11500000,32000,61,,,2,2,,,13.715,100.595
เอ็ม ทองหล่อ 10,9400000,,51,,0,2,,0,,13.730752,100.586862
,20000000,,100,,0,2,,0,,13.740929,100.557313
,16000000,,153,,,3,3,,,,
,35000000,,250,,,3,,,,13.738139,100.584041
,8300000,,47,,,2,1,,1,,
,8800000,,35,,,1,1,,,13.7197,100.522
โนเบิล เพลินจิต,24500000,,94,,,2,2,,,13.7435,100.549
แมกโนเลียส์ ราชดำริ บูเลอวาร์ด,11615000,60000,51,,0,1,,0,,13.742584,100.540276
,10200000,,52,,,2,2,,,13.72552,100.56563
คลาส หลังสวน,11630000,,45,,,1,1,,,13.74196,100.54431
เทลลา ทองหล่อ,34020000,,105,,0,2,,0,,13.733317,100.582046
ไลฟ์ อโศก-พระราม 9 ,3790000,,28,,,,1,,,13.755352,100.564598
เดอะ ไลน์ จตุจักร-หมอชิต,7270895,22000,30,,,1,1,,,13.8062,100.5562
,5969000,35000,47,,0,1,,0,,13.743808,100.55595
,26000000,,115,,0,4,,0,,13.727628,100.581663
แอชตัน อโศก,14614538,,47,,,2,1,,,13.73701,100.56039
วิสซ์ดอม ดิ เอ็กซ์คลูซีฟ,5995200,,77,,5,2,,1,,13.68947,100.606571
,12375300,,58,,0,1,,0,,13.723384,100.561358
,9800000,,81,,,2,2,,,13.748587,100.561531
เดอะ ไลน์ จตุจักร-หมอชิต,10780000,,59,,,2,2,,,13.8062,100.5562
ศาลาแดง เรสซิเด้นซ์,14500000,,60,,2,1,,1,,13.726118,100.537031
,4400000,,40,,0,1,,0,,13.715095,100.585825
,7050000,,50,,,2,2,,,13.695005,100.60354
เดอะ ไลน์ พหลโยธิน-ประดิพัทธ์,19800000,,111,,,3,2,,,13.7906,100.546
,4100000,15000,30,,,1,1,,,13.7136,100.601
,21500000,,256,,,3,3,,1,,
,12800000,50000,94,,0,2,,1,,13.711286,100.500781
,2480000,,30,,,1,,2,,13.77796,100.559159
,9536906,39000,46,,,1,1,,,13.72324,100.56682
โนเบิล รีไฟน์,11000000,,51,,0,1,,0,,13.728331,100.570729
แม่น้ำ เรสซิเดนท์,9570000,,51,,0,1,,0,,13.706227,100.506283
,8680000,50000,80,,0,2,,0,,13.730581,100.576887
คอนโด เลต มิสท์ พระราม 9,3798229,,23,,,,1,,,13.75583,100.56636
,480000,,26,,3,1,,0,,13.336636,100.93124
,5990000,,46,,40,1,,0,,13.788926,100.545273
แอชตัน อโศก,9500000,,34,,0,1,,0,,13.738886,100.561535
,1830000,,29,,4,1,,0,,13.673047,100.458838
,6110000,,31,,,,1,,,13.731223,100.585851
วอเตอร์ฟอร์ด ไดมอนด์ ทาวเวอร์,6700000,35000,68,,,1,1,,,13.7265,100.573
เดอะ รูม สุขุมวิท 69 ,7580000,,35,,,1,1,,,13.71444,100.59283
,3900000,,42,,0,1,,1,,13.679447,100.606764
ไลฟ์ อโศก-พระราม 9 ,5380000,,40,,,1,1,,,,
ดิ เอดิเตอร์ สะพายควาย,4950000,,28,,,1,1,,,13.79364,100.54968
,15500000,,133,,0,2,,0,,13.728244,100.565087
,2300000,,31,,17,1,,1,,13.822625,100.532683
ทรูทองหล่อ,7725000,,65,,0,2,,0,,13.743545,100.586667
แอชตัน สีลม,19798778,,72,,,2,2,,,13.7261,100.52695
,5700000,,37,,0,1,,0,,13.735297,100.564495
,3190000,,28,,0,1,,0,,13.713733,100.478276
,3460000,,25,,0,1,,0,,13.698535,100.604719
,3300000,15000,22,,0,1,,1,,13.704218,100.601986
,4270000,,29,,,1,1,,,13.750507,100.563889
โนเบิล รีมิกซ์,6900000,,,,10,1,,1,,13.724749,100.577298
แอสปาย พระราม 4,2500000,,28,,0,1,,0,,13.712224,100.584489
,60000000,,252,,0,3,,0,,13.741816,100.585417
,6068699,,30,,,1,1,,,13.74935,100.56009
เดอะมาสเตอร์เซ็นเธรี่ยม,24960000,140000,240,,0,3,,0,,13.740936,100.561249
,7406000,,45,,0,2,,0,,13.704186,100.60185
,8300000,,145,,,3,2,,,,
,5290000,23000,47,,18,1,,1,,13.799035,100.575882
,3450000,,39,,0,1,,0,,13.755257,100.575079
,20000000,,104,,0,3,,0,,13.723197,100.566949
,2400000,,26,,6,1,,1,,13.77796,100.559159
ควอทโทร บาย แสนสิริ,19900000,,84,,,2,2,,,13.7275,100.582
,43000000,,237,,0,2,,0,,13.733288,100.570782
,7000000,,37,,,1,1,,1,,
,2590000,,22,,0,1,,0,,13.755831,100.566364
,2500000,10000,,,0,,,0,,13.691016,100.534769
,8360000,,37,,,1,1,,,13.7432,100.562
The Room สุขุมวิท 21,7985000,38000,50,,0,1,,0,,13.743653,100.561327
,16800000,85000,100,,0,3,,0,,13.722707,100.580362
,1800000,8500,30,,7,1,,0,,13.735552,100.471688
เบล อเวนิว พระราม 9,18100000,,102,,0,3,,2,,13.759717,100.569091
แอสปาย สาทร-ท่าพระ,2993865,,31,,,1,1,,,13.71501,100.47866
,11500000,,80,,2,2,,1,,13.741888,100.566736
,5490000,28000,46,,,1,1,,,13.7304,100.588
ไลฟ์ อโศก-พระราม 9 ,3070000,,25,,,,1,,,,
,3692500,28000,35,,0,1,,0,,13.734492,100.585849
,5900000,,42,,25,1,,0,,13.712821,100.594265
ดิ แอดเดรส อโศก,14800000,,76,,0,2,,0,,13.749554,100.561961
ไลฟ์ อโศก,4600000,,29,,,1,1,,,13.750507,100.563889
,2205000,,24,,,1,,,,13.689176,100.602964
,12900000,,170,,0,3,,0,,13.744618,100.56741
มายคอนโด สุขุมวิท 81,4505237,21000,54,,,2,2,,,13.68924,100.60754
,1300000,,25,,0,1,,0,,13.827423,100.673809
,6480000,,41,,0,1,,1,,13.747925,100.545775
,12000000,,160,,,2,2,,,,
,16400000,,65,,,2,2,,,,
,6190000,,30,,,,1,,,13.731223,100.585851
อกัสตัน สุขุมวิท 22,23000000,,,,0,3,,0,,13.725176,100.563992
,4000000,,52,,0,1,,0,,13.703626,100.599274
ริทึ่ม รางน้ำ,5520000,,28,,0,1,,0,,13.761049,100.53703
,27500000,,176,,0,3,,1,,13.739782,100.566072
วิลล่าอโศก,7000000,,52,,0,1,,0,,13.748849,100.561572
,3550000,14000,26,,,1,1,,,13.7136,100.601
คอนโดเลต ไอซ์ ราชเทวี,12900000,,91,,31,3,,1,,13.753295,100.530929
ไลฟ์ อโศก-พระราม 9 ,4430000,,35,,,1,1,,,,
,1390000,,39,,16,1,,0,,13.700301,100.645297
ศุภาลัย ริเวอร์ เพลส,6400000,28000,80,,26,2,,2,,13.710404,100.503107
อมันตา ลุมพินี,11373000,55000,85,,0,2,,0,,13.723324,100.550812
เดอะ เมท,40100000,,199,,,3,3,,,13.722966,100.534392
เดอะ ไลน์ จตุจักร-หมอชิต,6500000,20000,27,,,1,1,,,13.806,100.557
,23350000,,85,,,3,2,,,13.752446,100.533476
คอนโดเลต ดเวล สุขุมวิท 26,7000000,,46,,0,1,,0,,13.725811,100.570678
